<?xml version="1.0" encoding="UTF-8"?>
<rss version="2.0" xmlns:ror="http://rorweb.com/0.1/" >
<channel>
  <title>ROR Sitemap for https://cooperative-bionet.yo.fr/</title>
  <link>https://cooperative-bionet.yo.fr/</link>

<item>
     <link>https://cooperative-bionet.yo.fr/</link>
     <title>Agriculture Biologique </title>
     <description>Agriculture Biologique </description>
     <ror:updatePeriod></ror:updatePeriod>
     <ror:sortOrder>0</ror:sortOrder>
     <ror:resourceOf>sitemap</ror:resourceOf>
</item>
<item>
     <link>https://cooperative-bionet.yo.fr/Catalogue/</link>
     <title>Agriculture Biologique </title>
     <description>Agriculture Biologique </description>
     <ror:updatePeriod></ror:updatePeriod>
     <ror:sortOrder>1</ror:sortOrder>
     <ror:resourceOf>sitemap</ror:resourceOf>
</item>
<item>
     <link>https://cooperative-bionet.yo.fr/Espace-membre/Connexion/</link>
     <title>Agriculture Biologique </title>
     <description>Agriculture Biologique </description>
     <ror:updatePeriod></ror:updatePeriod>
     <ror:sortOrder>1</ror:sortOrder>
     <ror:resourceOf>sitemap</ror:resourceOf>
</item>
<item>
     <link>https://cooperative-bionet.yo.fr/Information/QSN/</link>
     <title>Agriculture Biologique </title>
     <description>Agriculture Biologique </description>
     <ror:updatePeriod></ror:updatePeriod>
     <ror:sortOrder>1</ror:sortOrder>
     <ror:resourceOf>sitemap</ror:resourceOf>
</item>
<item>
     <link>https://cooperative-bionet.yo.fr/Information/Contact/</link>
     <title>Agriculture Biologique </title>
     <description>Agriculture Biologique </description>
     <ror:updatePeriod></ror:updatePeriod>
     <ror:sortOrder>1</ror:sortOrder>
     <ror:resourceOf>sitemap</ror:resourceOf>
</item>
<item>
     <link>https://cooperative-bionet.yo.fr/Droit/Mentions_Legales/</link>
     <title>Agriculture Biologique </title>
     <description>Agriculture Biologique </description>
     <ror:updatePeriod></ror:updatePeriod>
     <ror:sortOrder>1</ror:sortOrder>
     <ror:resourceOf>sitemap</ror:resourceOf>
</item>
<item>
     <link>https://cooperative-bionet.yo.fr/Droit/CGV/</link>
     <title>Agriculture Biologique </title>
     <description>Agriculture Biologique </description>
     <ror:updatePeriod></ror:updatePeriod>
     <ror:sortOrder>1</ror:sortOrder>
     <ror:resourceOf>sitemap</ror:resourceOf>
</item>
<item>
     <link>https://cooperative-bionet.yo.fr/Espace-membre/Inscription/</link>
     <title>Agriculture Biologique </title>
     <description>Agriculture Biologique </description>
     <ror:updatePeriod></ror:updatePeriod>
     <ror:sortOrder>2</ror:sortOrder>
     <ror:resourceOf>sitemap</ror:resourceOf>
</item>
</channel>
</rss>
  